{
	"id": "535f97f2-9a66-4960-919b-b53e8a8a15d0",
	"name": "RRH - Maskinell Innrapportering - Environment",
	"values": [
		{
			"key": "instance_owner_party_id",
			"value": "Hentes manuelt etter ID-Porten innlogging",
			"type": "default",
			"enabled": true
		},
		{
			"key": "idporten-client_id",
			"value": "Her settes din ID-Porten client_id",
			"type": "default",
			"enabled": true
		},
		{
			"key": "idporten-client_secret",
			"value": "Her settes din ID-Porten client_secret",
			"type": "default",
			"enabled": true
		},
		{
			"key": "altinn_schema_base_url",
			"value": "https://brg.apps.tt02.altinn.no",
			"type": "default",
			"enabled": true
		}
	],
	"_postman_variable_scope": "environment",
	"_postman_exported_at": "2024-09-10T12:21:42.874Z",
	"_postman_exported_using": "Postman/10.18.11"
}
