{
	"info": {
		"_postman_id": "8789d7ae-da5b-41c5-a6b9-546fd1e8e945",
		"name": "RRH - Maskinell Innrapportering - Postman Collection",
		"schema": "https://schema.getpostman.com/json/collection/v2.1.0/collection.json",
		"_exporter_id": "32195940"
	},
	"item": [
		{
			"name": "Autentiser med ID-Porten og veksle inn til Altinn-token",
			"event": [
				{
					"listen": "test",
					"script": {
						"exec": [
							"pm.environment.set('altinn_token', responseBody);"
						],
						"type": "text/javascript"
					}
				}
			],
			"request": {
				"auth": {
					"type": "oauth2",
					"oauth2": [
						{
							"key": "authUrl",
							"value": "https://login.test.idporten.no/authorize",
							"type": "string"
						},
						{
							"key": "addTokenTo",
							"value": "header",
							"type": "string"
						},
						{
							"key": "accessTokenUrl",
							"value": "https://test.idporten.no/token",
							"type": "string"
						},
						{
							"key": "grant_type",
							"value": "authorization_code_with_pkce",
							"type": "string"
						},
						{
							"key": "useBrowser",
							"value": true,
							"type": "boolean"
						},
						{
							"key": "client_authentication",
							"value": "body",
							"type": "string"
						},
						{
							"key": "clientSecret",
							"value": "{{idporten-client_secret}}",
							"type": "string"
						},
						{
							"key": "clientId",
							"value": "{{idporten-client_id}}",
							"type": "string"
						},
						{
							"key": "scope",
							"value": "altinn:instances.write",
							"type": "string"
						},
						{
							"key": "tokenName",
							"value": "ID-porten token",
							"type": "string"
						},
						{
							"key": "refreshRequestParams",
							"value": [],
							"type": "any"
						},
						{
							"key": "tokenRequestParams",
							"value": [],
							"type": "any"
						},
						{
							"key": "authRequestParams",
							"value": [],
							"type": "any"
						},
						{
							"key": "challengeAlgorithm",
							"value": "S256",
							"type": "string"
						}
					]
				},
				"method": "GET",
				"header": [],
				"url": {
					"raw": "https://platform.tt02.altinn.no/authentication/api/v1/exchange/id-porten",
					"protocol": "https",
					"host": [
						"platform",
						"tt02",
						"altinn",
						"no"
					],
					"path": [
						"authentication",
						"api",
						"v1",
						"exchange",
						"id-porten"
					]
				}
			},
			"response": []
		},
		{
			"name": "Hent partyId til virksomheten",
			"request": {
				"method": "GET",
				"header": [],
				"url": {
					"raw": "{{altinn_schema_base_url}}/brg/rrh-innrapportering/api/v1/parties",
					"host": [
						"{{altinn_schema_base_url}}"
					],
					"path": [
						"brg",
						"rrh-innrapportering",
						"api",
						"v1",
						"parties"
					]
				}
			},
			"response": []
		},
		{
			"name": "Hent preutfylte skjemadata",
			"event": [
				{
					"listen": "test",
					"script": {
						"exec": [
							""
						],
						"type": "text/javascript",
						"packages": {}
					}
				}
			],
			"request": {
				"method": "GET",
				"header": [],
				"url": {
					"raw": "{{altinn_schema_base_url}}/brg/rrh-innrapportering/prefill/{{instance_owner_party_id}}",
					"host": [
						"{{altinn_schema_base_url}}"
					],
					"path": [
						"brg",
						"rrh-innrapportering",
						"prefill",
						"{{instance_owner_party_id}}"
					]
				}
			},
			"response": []
		},
		{
			"name": "Opprett en instans av våre skjemadata",
			"event": [
				{
					"listen": "test",
					"script": {
						"exec": [
							"let responseJson = pm.response.json();",
							"",
							"let uuidRegex = /([a-f0-9\\-]+)$/; // Regex for å matche UUID etter slash",
							"",
							"let matchResult = responseJson.id.match(uuidRegex);",
							"// Accessing the first captured group directly",
							"let skjemaInstansId = matchResult ? matchResult[1] : null;",
							"",
							"let skjema_instans_data_id = responseJson.data[0].id;",
							"",
							"pm.environment.set('skjema_instans_id', skjemaInstansId);",
							"pm.environment.set('skjema_instans_data_id', skjema_instans_data_id);"
						],
						"type": "text/javascript",
						"packages": {}
					}
				}
			],
			"request": {
				"method": "POST",
				"header": [],
				"url": {
					"raw": "{{altinn_schema_base_url}}/brg/rrh-innrapportering/instances?instanceOwnerPartyId={{instance_owner_party_id}}",
					"host": [
						"{{altinn_schema_base_url}}"
					],
					"path": [
						"brg",
						"rrh-innrapportering",
						"instances"
					],
					"query": [
						{
							"key": "instanceOwnerPartyId",
							"value": "{{instance_owner_party_id}}"
						}
					]
				}
			},
			"response": []
		},
		{
			"name": "Oppdater skjemadata med sluttbrukers endringer",
			"request": {
				"method": "PUT",
				"header": [],
				"body": {
					"mode": "raw",
					"raw": "",
					"options": {
						"raw": {
							"language": "json"
						}
					}
				},
				"url": {
					"raw": "{{altinn_schema_base_url}}/brg/rrh-innrapportering/instances/{{instance_owner_party_id}}/{{skjema_instans_id}}/data/{{skjema_instans_data_id}}?dataType=Brønnøysundregistrene_ReelleRettighetshavere_M",
					"host": [
						"{{altinn_schema_base_url}}"
					],
					"path": [
						"brg",
						"rrh-innrapportering",
						"instances",
						"{{instance_owner_party_id}}",
						"{{skjema_instans_id}}",
						"data",
						"{{skjema_instans_data_id}}"
					],
					"query": [
						{
							"key": "dataType",
							"value": "Brønnøysundregistrene_ReelleRettighetshavere_M"
						}
					]
				}
			},
			"response": []
		},
		{
			"name": "Gå til neste prosessteg",
			"request": {
				"method": "PUT",
				"header": [],
				"url": {
					"raw": "{{altinn_schema_base_url}}/brg/rrh-innrapportering/instances/{{instance_owner_party_id}}/{{skjema_instans_id}}/process/next",
					"host": [
						"{{altinn_schema_base_url}}"
					],
					"path": [
						"brg",
						"rrh-innrapportering",
						"instances",
						"{{instance_owner_party_id}}",
						"{{skjema_instans_id}}",
						"process",
						"next"
					]
				}
			},
			"response": []
		},
		{
			"name": "Valider og send inn skjema",
			"request": {
				"method": "PUT",
				"header": [],
				"url": {
					"raw": "{{altinn_schema_base_url}}/brg/rrh-innrapportering/instances/{{instance_owner_party_id}}/{{skjema_instans_id}}/process/next?elementId=BREnd",
					"host": [
						"{{altinn_schema_base_url}}"
					],
					"path": [
						"brg",
						"rrh-innrapportering",
						"instances",
						"{{instance_owner_party_id}}",
						"{{skjema_instans_id}}",
						"process",
						"next"
					],
					"query": [
						{
							"key": "elementId",
							"value": "BREnd"
						}
					]
				}
			},
			"response": []
		},
		{
			"name": "Validering feilet - gå tilbake til oppdater skjemadata",
			"request": {
				"method": "PUT",
				"header": [],
				"body": {
					"mode": "raw",
					"raw": "{\"action\":\"reject\"}",
					"options": {
						"raw": {
							"language": "json"
						}
					}
				},
				"url": {
					"raw": "{{altinn_schema_base_url}}/brg/rrh-innrapportering/instances/{{instance_owner_party_id}}/{{skjema_instans_id}}/process/next",
					"host": [
						"{{altinn_schema_base_url}}"
					],
					"path": [
						"brg",
						"rrh-innrapportering",
						"instances",
						"{{instance_owner_party_id}}",
						"{{skjema_instans_id}}",
						"process",
						"next"
					]
				}
			},
			"response": []
		},
		{
			"name": "Hent behandlingsstatus",
			"request": {
				"method": "GET",
				"header": [],
				"url": {
					"raw": "{{altinn_schema_base_url}}/brg/rrh-innrapportering/behandlingsstatus/{{instance_owner_party_id}}/{{skjema_instans_id}}",
					"host": [
						"{{altinn_schema_base_url}}"
					],
					"path": [
						"brg",
						"rrh-innrapportering",
						"behandlingsstatus",
						"{{instance_owner_party_id}}",
						"{{skjema_instans_id}}"
					]
				}
			},
			"response": []
		}
	],
	"auth": {
		"type": "bearer",
		"bearer": [
			{
				"key": "token",
				"value": "{{altinn_token}}",
				"type": "string"
			}
		]
	},
	"event": [
		{
			"listen": "prerequest",
			"script": {
				"type": "text/javascript",
				"exec": [
					""
				]
			}
		},
		{
			"listen": "test",
			"script": {
				"type": "text/javascript",
				"exec": [
					""
				]
			}
		}
	]
}