{
	"info": {
		"_postman_id": "6f15465c-13be-47e8-b087-a4632594d96d",
		"name": "Systembruker/personbruker (kombo)",
		"schema": "https://schema.getpostman.com/json/collection/v2.1.0/collection.json",
		"_exporter_id": "35986657",
		"_collection_link": "https://lively-meadow-6607.postman.co/workspace/A23-%C3%85rsregnskap-(lokalt%2FTT02)~87954869-2164-4f49-85b1-23e5db46f63c/collection/37938745-6f15465c-13be-47e8-b087-a4632594d96d?action=share&source=collection_link&creator=35986657"
	},
	"item": [
		{
			"name": "Autentisering",
			"item": [
				{
					"name": "0.0 Kjøres en gang",
					"item": [
						{
							"name": "SideLoad - jsrsasign-js",
							"event": [
								{
									"listen": "test",
									"script": {
										"exec": [
											"pm.environment.set('jsrsasign-js', responseBody);"
										],
										"type": "text/javascript"
									}
								}
							],
							"request": {
								"method": "GET",
								"header": [],
								"url": {
									"raw": "http://kjur.github.io/jsrsasign/jsrsasign-latest-all-min.js",
									"protocol": "http",
									"host": [
										"kjur",
										"github",
										"io"
									],
									"path": [
										"jsrsasign",
										"jsrsasign-latest-all-min.js"
									]
								}
							},
							"response": []
						}
					],
					"description": "Dette API-kallet henter Javascript-pakken jsrasign-js, som lar oss signere en JWT for autentisering mot Maskinporten. Denne må bare kjøres på nytt hver gang man restarter Postman, og trengs ikke hentes på nytt hver gang man skal autentisere seg.\n\nHvis man har kjørt dette kallet i en annen collection trenger man ikke sende det igjen."
				},
				{
					"name": "Autentiser som vanlig bruker",
					"item": [
						{
							"name": "hentToken",
							"event": [
								{
									"listen": "prerequest",
									"script": {
										"exec": [
											"var navigator = {};",
											"var window = {};",
											"var uuid = require('uuid');",
											"var jsrsasignJS = pm.environment.get(\"jsrsasign-js\");",
											"",
											"if (jsrsasignJS == undefined) {",
											"    throw new Error(\"Kjør SideLoad - jsrsasign-js!\");",
											"}",
											"eval(jsrsasignJS);",
											"",
											"",
											"var uuid_1 = uuid.v4();",
											"var currentTimestamp = Math.floor(Date.now() / 1000);",
											"",
											"var header = {",
											"\t'alg': 'RS256',",
											"    'kid': pm.globals.get('keyId')",
											"};",
											"",
											"var data = {",
											"\t'iss': pm.globals.get('klientId'),",
											"\t'aud': 'https://test.maskinporten.no/',",
											"    'scope': 'altinn:testtools/tokengenerator',",
											"\t'iat': currentTimestamp,",
											"\t'exp': currentTimestamp + 120,",
											"\t'jti': uuid_1",
											"};",
											"",
											"var jwtSecret = await pm.vault.get(pm.globals.get('keyId'));",
											"var jwtObject = JSON.parse(jwtSecret);",
											"",
											"",
											"var signedJWTToken = KJUR.jws.JWS.sign(\"RS256\", header, data, jwtObject);",
											"",
											"pm.environment.set('maskinporten_jwt_signed', signedJWTToken);",
											"console.log('Signed and encoded JWT', signedJWTToken);",
											""
										],
										"type": "text/javascript",
										"packages": {}
									}
								},
								{
									"listen": "test",
									"script": {
										"exec": [
											"let responseJson = pm.response.json();",
											"let access_token = responseJson.access_token;",
											"let token_type = responseJson.token_type;",
											"",
											"pm.environment.set(\"maskinporten_access_token\", access_token);",
											"console.log(\"Maskinport access_token stored in environment: \" + access_token);"
										],
										"type": "text/javascript",
										"packages": {}
									}
								}
							],
							"request": {
								"method": "POST",
								"header": [],
								"body": {
									"mode": "urlencoded",
									"urlencoded": [
										{
											"key": "grant_type",
											"value": "urn:ietf:params:oauth:grant-type:jwt-bearer",
											"type": "text"
										},
										{
											"key": "assertion",
											"value": "{{maskinporten_jwt_signed}}",
											"type": "text"
										}
									]
								},
								"url": {
									"raw": "https://test.maskinporten.no/token",
									"protocol": "https",
									"host": [
										"test",
										"maskinporten",
										"no"
									],
									"path": [
										"token"
									]
								}
							},
							"response": []
						},
						{
							"name": "tt02 persontoken",
							"event": [
								{
									"listen": "test",
									"script": {
										"exec": [
											"let access_token = pm.response.text();",
											"pm.environment.set(\"altinn_access_token\", access_token);"
										],
										"type": "text/javascript",
										"packages": {}
									}
								}
							],
							"request": {
								"method": "GET",
								"header": [
									{
										"key": "Authorization",
										"value": "Bearer {{maskinporten_access_token}}",
										"type": "text"
									}
								],
								"url": {
									"raw": "https://altinn-testtools-token-generator.azurewebsites.net/api/GetPersonalToken?env=tt02&scopes={{altinn_scopes}}&userId={{instance_owner_user_id}}&partyId={{instance_owner_party_id}}&pid=02828298332&ttl=3600",
									"protocol": "https",
									"host": [
										"altinn-testtools-token-generator",
										"azurewebsites",
										"net"
									],
									"path": [
										"api",
										"GetPersonalToken"
									],
									"query": [
										{
											"key": "env",
											"value": "tt02"
										},
										{
											"key": "scopes",
											"value": "{{altinn_scopes}}"
										},
										{
											"key": "userId",
											"value": "{{instance_owner_user_id}}"
										},
										{
											"key": "partyId",
											"value": "{{instance_owner_party_id}}"
										},
										{
											"key": "pid",
											"value": "02828298332"
										},
										{
											"key": "ttl",
											"value": "3600"
										}
									]
								}
							},
							"response": []
						}
					]
				},
				{
					"name": "Autentiser som systembruker",
					"item": [
						{
							"name": "Logg inn som systembruker",
							"event": [
								{
									"listen": "prerequest",
									"script": {
										"exec": [
											"var navigator = {};",
											"var window = {};",
											"var uuid = require('uuid');",
											"var jsrsasignJS = pm.environment.get(\"jsrsasign-js\");",
											"",
											"if (jsrsasignJS == undefined) {",
											"    throw new Error(\"Kjør SideLoad - jsrsasign-js!\");",
											"}",
											"eval(jsrsasignJS);",
											"",
											"var jwtSecret = await pm.vault.get(pm.collectionVariables.get(\"keyId\"));",
											"var jwtObject = JSON.parse(jwtSecret);",
											"",
											"var uuid_1 = uuid.v4();",
											"var currentTimestamp = Math.floor(Date.now() / 1000)",
											"",
											"",
											"var header = {",
											"\t'alg': 'RS256',",
											"    'kid': pm.collectionVariables.get(\"keyId\")",
											"};",
											"",
											"var data = {",
											"\t'iss': pm.collectionVariables.get(\"klientId\"),",
											"    'sub': pm.collectionVariables.get(\"klientId\"),",
											"    'authorization_details': [",
											"        {",
											"            'systemuser_org': {",
											"                'authority': 'iso6523-actorid-upis',",
											"                'ID': '0192:' + pm.environment.get(\"kundeOrgNr\")",
											"            },",
											"            \"type\":\"urn:altinn:systemuser\",",
											"            \"externalRef\": pm.environment.get(\"systembrukerId\")",
											"        }",
											"    ],",
											"\t'aud': 'https://test.maskinporten.no/',",
											"    'scope': 'altinn:instances.read altinn:instances.write',",
											"\t'iat': currentTimestamp,",
											"\t'exp': currentTimestamp + 120, ",
											"\t'jti': uuid_1",
											"}",
											"",
											"var signedJWTToken =  KJUR.jws.JWS.sign(null, header, data, jwtObject);",
											"",
											"pm.environment.set('maskinporten_jwt_signed', signedJWTToken)",
											"console.log('Signed and encoded JWT', signedJWTToken)",
											""
										],
										"type": "text/javascript",
										"packages": {}
									}
								},
								{
									"listen": "test",
									"script": {
										"exec": [
											"let responseJson = pm.response.json();",
											"let access_token = responseJson.access_token;",
											"let token_type = responseJson.token_type;",
											"",
											"pm.environment.set(\"maskinporten_access_token\", token_type + \" \" + access_token);",
											"console.log(\"Maskinport access_token stored in environment: \" + access_token);"
										],
										"type": "text/javascript",
										"packages": {}
									}
								}
							],
							"request": {
								"method": "POST",
								"header": [],
								"body": {
									"mode": "urlencoded",
									"urlencoded": [
										{
											"key": "grant_type",
											"value": "urn:ietf:params:oauth:grant-type:jwt-bearer",
											"type": "text"
										},
										{
											"key": "assertion",
											"value": "{{maskinporten_jwt_signed}}",
											"type": "text"
										}
									]
								},
								"url": {
									"raw": "https://test.maskinporten.no/token",
									"protocol": "https",
									"host": [
										"test",
										"maskinporten",
										"no"
									],
									"path": [
										"token"
									]
								}
							},
							"response": []
						},
						{
							"name": "Bytt til altinn token",
							"event": [
								{
									"listen": "test",
									"script": {
										"exec": [
											"let access_token = pm.response.text();",
											"pm.environment.set(\"altinn_access_token\", access_token);"
										],
										"type": "text/javascript",
										"packages": {}
									}
								}
							],
							"request": {
								"method": "GET",
								"header": [
									{
										"key": "Authorization",
										"value": "{{maskinporten_access_token}}",
										"type": "text"
									}
								],
								"url": {
									"raw": "https://platform.tt02.altinn.no/authentication/api/v1/exchange/maskinporten?ttl=3600",
									"protocol": "https",
									"host": [
										"platform",
										"tt02",
										"altinn",
										"no"
									],
									"path": [
										"authentication",
										"api",
										"v1",
										"exchange",
										"maskinporten"
									],
									"query": [
										{
											"key": "ttl",
											"value": "3600"
										}
									]
								}
							},
							"response": []
						}
					]
				}
			]
		}
	]
}