{
	"info": {
		"_postman_id": "fe4a5416-2fb9-4f56-aea9-ca526f1402c3",
		"name": "Årsregnskap ekstra",
		"schema": "https://schema.getpostman.com/json/collection/v2.1.0/collection.json",
		"_exporter_id": "35986657",
		"_collection_link": "https://lively-meadow-6607.postman.co/workspace/A23-%C3%85rsregnskap-(lokalt%2FTT02)~87954869-2164-4f49-85b1-23e5db46f63c/collection/35986657-fe4a5416-2fb9-4f56-aea9-ca526f1402c3?action=share&source=collection_link&creator=35986657"
	},
	"item": [
		{
			"name": "Individuell validering",
			"item": [
				{
					"name": "2.1 Valider hovedskjema",
					"event": [
						{
							"listen": "test",
							"script": {
								"exec": [
									""
								],
								"type": "text/javascript"
							}
						}
					],
					"request": {
						"method": "GET",
						"header": [
							{
								"key": "Authorization",
								"value": "Bearer {{altinn_access_token}}",
								"type": "text"
							}
						],
						"url": {
							"raw": "{{altinn_schema_base_url}}/brg/{{schema_type}}/instances/{{instance_owner_party_id}}/{{skjema_instans_id}}/data/{{hovedskjema_data_id}}/validate",
							"host": [
								"{{altinn_schema_base_url}}"
							],
							"path": [
								"brg",
								"{{schema_type}}",
								"instances",
								"{{instance_owner_party_id}}",
								"{{skjema_instans_id}}",
								"data",
								"{{hovedskjema_data_id}}",
								"validate"
							]
						}
					},
					"response": []
				},
				{
					"name": "2.4 Valider vedlegg",
					"event": [
						{
							"listen": "test",
							"script": {
								"exec": [
									""
								],
								"type": "text/javascript"
							}
						}
					],
					"request": {
						"method": "GET",
						"header": [
							{
								"key": "Authorization",
								"value": "Bearer {{altinn_access_token}}",
								"type": "text"
							}
						],
						"url": {
							"raw": "{{altinn_schema_base_url}}/brg/{{schema_type}}/instances/{{instance_owner_party_id}}/{{skjema_instans_id}}/data/{{vedlegg_data_id}}/validate",
							"host": [
								"{{altinn_schema_base_url}}"
							],
							"path": [
								"brg",
								"{{schema_type}}",
								"instances",
								"{{instance_owner_party_id}}",
								"{{skjema_instans_id}}",
								"data",
								"{{vedlegg_data_id}}",
								"validate"
							]
						}
					},
					"response": []
				},
				{
					"name": "3.2 Valider underskjema selskap",
					"event": [
						{
							"listen": "test",
							"script": {
								"exec": [
									""
								],
								"type": "text/javascript"
							}
						}
					],
					"protocolProfileBehavior": {
						"disableBodyPruning": true
					},
					"request": {
						"method": "GET",
						"header": [
							{
								"key": "Authorization",
								"value": "Bearer {{altinn_access_token}}",
								"type": "text"
							}
						],
						"body": {
							"mode": "raw",
							"raw": "",
							"options": {
								"raw": {
									"language": "xml"
								}
							}
						},
						"url": {
							"raw": "{{altinn_schema_base_url}}/brg/{{schema_type}}/instances/{{instance_owner_party_id}}/{{skjema_instans_id}}/data/{{underskjema_selskap_data_id}}/validate",
							"host": [
								"{{altinn_schema_base_url}}"
							],
							"path": [
								"brg",
								"{{schema_type}}",
								"instances",
								"{{instance_owner_party_id}}",
								"{{skjema_instans_id}}",
								"data",
								"{{underskjema_selskap_data_id}}",
								"validate"
							]
						}
					},
					"response": []
				},
				{
					"name": "4.2 Valider underskjema konsern",
					"event": [
						{
							"listen": "test",
							"script": {
								"exec": [
									""
								],
								"type": "text/javascript"
							}
						}
					],
					"protocolProfileBehavior": {
						"disableBodyPruning": true
					},
					"request": {
						"method": "GET",
						"header": [
							{
								"key": "Authorization",
								"value": "Bearer {{altinn_access_token}}",
								"type": "text"
							}
						],
						"body": {
							"mode": "raw",
							"raw": "",
							"options": {
								"raw": {
									"language": "xml"
								}
							}
						},
						"url": {
							"raw": "{{altinn_schema_base_url}}/brg/{{schema_type}}/instances/{{instance_owner_party_id}}/{{skjema_instans_id}}/data/{{underskjema_konsern_data_id}}/validate",
							"host": [
								"{{altinn_schema_base_url}}"
							],
							"path": [
								"brg",
								"{{schema_type}}",
								"instances",
								"{{instance_owner_party_id}}",
								"{{skjema_instans_id}}",
								"data",
								"{{underskjema_konsern_data_id}}",
								"validate"
							]
						}
					},
					"response": []
				}
			]
		},
		{
			"name": "Skjemainnhold hovedskjema Copy",
			"event": [
				{
					"listen": "test",
					"script": {
						"exec": [
							""
						],
						"type": "text/javascript"
					}
				}
			],
			"request": {
				"method": "GET",
				"header": [
					{
						"key": "Authorization",
						"value": "Bearer {{altinn_access_token}}",
						"type": "text"
					}
				],
				"url": {
					"raw": "{{altinn_schema_base_url}}/brg/{{schema_type}}/instances/{{instance_owner_party_id}}/{{skjema_instans_id}}/data/{{hovedskjema_data_id}}",
					"host": [
						"{{altinn_schema_base_url}}"
					],
					"path": [
						"brg",
						"{{schema_type}}",
						"instances",
						"{{instance_owner_party_id}}",
						"{{skjema_instans_id}}",
						"data",
						"{{hovedskjema_data_id}}"
					]
				}
			},
			"response": []
		},
		{
			"name": "Skjemainnhold selskapsregnskap Copy",
			"event": [
				{
					"listen": "test",
					"script": {
						"exec": [
							""
						],
						"type": "text/javascript"
					}
				}
			],
			"request": {
				"method": "GET",
				"header": [
					{
						"key": "Authorization",
						"value": "Bearer {{altinn_access_token}}",
						"type": "text"
					}
				],
				"url": {
					"raw": "{{altinn_schema_base_url}}/brg/{{schema_type}}/instances/{{instance_owner_party_id}}/{{skjema_instans_id}}/data/{{underskjema_selskap_data_id}}",
					"host": [
						"{{altinn_schema_base_url}}"
					],
					"path": [
						"brg",
						"{{schema_type}}",
						"instances",
						"{{instance_owner_party_id}}",
						"{{skjema_instans_id}}",
						"data",
						"{{underskjema_selskap_data_id}}"
					]
				}
			},
			"response": []
		},
		{
			"name": "Skjemainnhold konsernregnskap Copy",
			"event": [
				{
					"listen": "test",
					"script": {
						"exec": [
							""
						],
						"type": "text/javascript"
					}
				}
			],
			"request": {
				"method": "GET",
				"header": [
					{
						"key": "Authorization",
						"value": "Bearer {{altinn_access_token}}",
						"type": "text"
					}
				],
				"url": {
					"raw": "{{altinn_schema_base_url}}/brg/{{schema_type}}/instances/{{instance_owner_party_id}}/{{skjema_instans_id}}/data/{{underskjema_konsern_data_id}}",
					"host": [
						"{{altinn_schema_base_url}}"
					],
					"path": [
						"brg",
						"{{schema_type}}",
						"instances",
						"{{instance_owner_party_id}}",
						"{{skjema_instans_id}}",
						"data",
						"{{underskjema_konsern_data_id}}"
					]
				}
			},
			"response": []
		},
		{
			"name": "lokaltest token org",
			"event": [
				{
					"listen": "test",
					"script": {
						"exec": [
							"let access_token = pm.response.text();",
							"pm.environment.set(\"altinn_access_token\", access_token);"
						],
						"type": "text/javascript",
						"packages": {}
					}
				}
			],
			"request": {
				"method": "GET",
				"header": [],
				"url": {
					"raw": "local.altinn.cloud:8000/Home/GetTestOrgToken/brg",
					"host": [
						"local",
						"altinn",
						"cloud"
					],
					"port": "8000",
					"path": [
						"Home",
						"GetTestOrgToken",
						"brg"
					]
				}
			},
			"response": []
		},
		{
			"name": "6. Informasjon om skjemaet",
			"request": {
				"method": "GET",
				"header": [
					{
						"key": "Authorization",
						"value": "Bearer {{altinn_access_token}}",
						"type": "text"
					}
				],
				"url": {
					"raw": "{{altinn_schema_base_url}}/brg/{{schema_type}}/instances/{{instance_owner_party_id}}/{{skjema_instans_id}}",
					"host": [
						"{{altinn_schema_base_url}}"
					],
					"path": [
						"brg",
						"{{schema_type}}",
						"instances",
						"{{instance_owner_party_id}}",
						"{{skjema_instans_id}}"
					]
				}
			},
			"response": []
		},
		{
			"name": "Gå tilbake til utfylling",
			"request": {
				"method": "PUT",
				"header": [
					{
						"key": "Authorization",
						"value": "Bearer {{altinn_access_token}}",
						"type": "text"
					}
				],
				"body": {
					"mode": "raw",
					"raw": "{\n    \"action\": \"reject\"\n}",
					"options": {
						"raw": {
							"language": "json"
						}
					}
				},
				"url": {
					"raw": "{{altinn_schema_base_url}}/brg/{{schema_type}}/instances/{{instance_owner_party_id}}/{{skjema_instans_id}}/process/next",
					"host": [
						"{{altinn_schema_base_url}}"
					],
					"path": [
						"brg",
						"{{schema_type}}",
						"instances",
						"{{instance_owner_party_id}}",
						"{{skjema_instans_id}}",
						"process",
						"next"
					]
				}
			},
			"response": []
		}
	]
}