{
	"info": {
		"_postman_id": "dfc7c4ea-dabc-4ff3-9c2e-fff432318d2f",
		"name": "Årsrengskap - stegvis",
		"description": "Setup for å sende ting inn til skjema på gamlemåten (A2), med brukertoken\n\nNødvendig forhåndsinformasjon og hvordan få tak i dem:",
		"schema": "https://schema.getpostman.com/json/collection/v2.1.0/collection.json",
		"_exporter_id": "35986657",
		"_collection_link": "https://lively-meadow-6607.postman.co/workspace/A23-%C3%85rsregnskap-(lokalt%2FTT02)~87954869-2164-4f49-85b1-23e5db46f63c/collection/37938745-dfc7c4ea-dabc-4ff3-9c2e-fff432318d2f?action=share&source=collection_link&creator=35986657"
	},
	"item": [
		{
			"name": "Instansiering",
			"item": [
				{
					"name": "1.0 Opprett instanse",
					"event": [
						{
							"listen": "test",
							"script": {
								"exec": [
									"let responseJson = pm.response.json();",
									"let hovedskjema_data_type = pm.environment.get(\"hovedskjema_data_type\");",
									"let uuidRegex = /([a-f0-9\\-]+)$/; // Regex for å matche UUID etter slash",
									" ",
									"let matchResult = responseJson.id.match(uuidRegex);",
									"// Accessing the first captured group directly",
									"let skjema_instans_id = matchResult ? matchResult[1] : null;",
									"let partyid = responseJson.instanceOwner.partyId;",
									" ",
									"//Determining main form and subform",
									"let hovedskjema = responseJson.data.filter(element => element.dataType == hovedskjema_data_type)[0];",
									"let skjema_instans_data_id = hovedskjema.id;",
									"let skjema_instans_data_type = hovedskjema.dataType;",
									" ",
									"let selskapsregnskap;",
									"let underskjema_data_type;",
									"let underskjema_data_id;",
									" ",
									"try {",
									"    selskapsregnskap = responseJson.data.filter(element => element.dataType != hovedskjema_data_type)[0];",
									"    underskjema_data_type = selskapsregnskap.dataType;",
									"    underskjema_data_id = selskapsregnskap.id;",
									"}",
									"catch(e){",
									"    console.log(e)",
									"}",
									" ",
									" ",
									"pm.environment.set('instance_owner_party_id', partyid);",
									"pm.environment.set('skjema_instans_id', skjema_instans_id);",
									"pm.environment.set('hovedskjema_data_id', skjema_instans_data_id);",
									"pm.environment.set(\"underskjema_selskap_data_id\", underskjema_data_id);",
									"pm.environment.set(\"underskjema_data_type\", underskjema_data_type);",
									" ",
									"console.log(\"Created instance with these parameters: \", {",
									"    skjema_instans_id,",
									"    skjema_instans_data_id,",
									"    skjema_instans_data_type",
									"})"
								],
								"type": "text/javascript",
								"packages": {}
							}
						},
						{
							"listen": "prerequest",
							"script": {
								"exec": [
									""
								],
								"type": "text/javascript",
								"packages": {}
							}
						}
					],
					"request": {
						"method": "POST",
						"header": [
							{
								"key": "Authorization",
								"value": "Bearer {{altinn_access_token}}",
								"type": "text"
							}
						],
						"body": {
							"mode": "raw",
							"raw": "{\n    \"instanceOwner\": {\n        \"organisationNumber\": \"{{instance_owner_org_number}}\"\n    }\n}",
							"options": {
								"raw": {
									"language": "json"
								}
							}
						},
						"url": {
							"raw": "{{altinn_schema_base_url}}/brg/{{schema_type}}/instances/create",
							"host": [
								"{{altinn_schema_base_url}}"
							],
							"path": [
								"brg",
								"{{schema_type}}",
								"instances",
								"create"
							]
						}
					},
					"response": []
				}
			]
		},
		{
			"name": "Utfylling",
			"item": [
				{
					"name": "Konsernregnskap som person",
					"item": [
						{
							"name": "Hent konsernregnskap id",
							"event": [
								{
									"listen": "test",
									"script": {
										"exec": [
											"let response = pm.response.json();",
											"let underskjemaer = response.data.filter((o) => o.dataType != pm.environment.get(\"hovedskjema_data_type\"));",
											"const konsernregnskap = underskjemaer[1] !== undefined ? underskjemaer[1] : null;",
											"const selskapsregnskap = underskjemaer[0] !== undefined ?  underskjemaer[0]: null;",
											"",
											"console.log(selskapsregnskap)",
											"pm.environment.set(\"underskjema_selskap_data_id\", selskapsregnskap.id);",
											"if(konsernregnskap){",
											"    pm.environment.set(\"underskjema_konsern_data_id\", konsernregnskap.id);",
											"}",
											""
										],
										"type": "text/javascript"
									}
								}
							],
							"request": {
								"method": "GET",
								"header": [
									{
										"key": "Authorization",
										"value": "Bearer {{altinn_access_token}}",
										"type": "text"
									}
								],
								"url": {
									"raw": "{{altinn_schema_base_url}}/brg/{{schema_type}}/instances/{{instance_owner_party_id}}/{{skjema_instans_id}}",
									"host": [
										"{{altinn_schema_base_url}}"
									],
									"path": [
										"brg",
										"{{schema_type}}",
										"instances",
										"{{instance_owner_party_id}}",
										"{{skjema_instans_id}}"
									]
								}
							},
							"response": []
						},
						{
							"name": "Oppdater konsernregnskap",
							"event": [
								{
									"listen": "prerequest",
									"script": {
										"exec": [
											"let xmldata = pm.environment.get(\"konsernregnskap_innhold\")",
											"pm.request.body.update(xmldata)"
										],
										"type": "text/javascript"
									}
								},
								{
									"listen": "test",
									"script": {
										"exec": [
											"let responseJson = pm.response.json();",
											"",
											"pm.environment.set(\"underskjema_selskap_data_id\", responseJson.id);"
										],
										"type": "text/javascript"
									}
								}
							],
							"request": {
								"method": "PUT",
								"header": [
									{
										"key": "Authorization",
										"value": "Bearer {{altinn_access_token}}",
										"type": "text"
									},
									{
										"key": "Content-Type",
										"value": "{{underskjema_upload_type}}",
										"type": "text"
									}
								],
								"body": {
									"mode": "raw",
									"raw": "",
									"options": {
										"raw": {
											"language": "xml"
										}
									}
								},
								"url": {
									"raw": "{{altinn_schema_base_url}}/brg/{{schema_type}}/instances/{{instance_owner_party_id}}/{{skjema_instans_id}}/data/{{underskjema_konsern_data_id}}",
									"host": [
										"{{altinn_schema_base_url}}"
									],
									"path": [
										"brg",
										"{{schema_type}}",
										"instances",
										"{{instance_owner_party_id}}",
										"{{skjema_instans_id}}",
										"data",
										"{{underskjema_konsern_data_id}}"
									]
								}
							},
							"response": []
						}
					]
				},
				{
					"name": "Oppdater hovedskjema",
					"event": [
						{
							"listen": "test",
							"script": {
								"exec": [
									"let responseJson = pm.response.json();",
									"",
									"",
									"",
									"console.log(\"Oppdatert hovedskjema\", {",
									"    id: responseJson.id,",
									"    dataType: responseJson.dataType",
									"})"
								],
								"type": "text/javascript",
								"packages": {}
							}
						},
						{
							"listen": "prerequest",
							"script": {
								"exec": [
									"let xmldata = pm.environment.get(\"hovedskjema_innhold\")",
									"pm.request.body.update(xmldata)"
								],
								"type": "text/javascript",
								"packages": {}
							}
						}
					],
					"request": {
						"method": "PUT",
						"header": [
							{
								"key": "Authorization",
								"value": "Bearer {{altinn_access_token}}",
								"type": "text"
							},
							{
								"key": "Content-Type",
								"value": "{{hovedskjema_upload_type}}",
								"type": "text"
							}
						],
						"body": {
							"mode": "raw",
							"raw": "",
							"options": {
								"raw": {
									"language": "xml"
								}
							}
						},
						"url": {
							"raw": "{{altinn_schema_base_url}}/brg/{{schema_type}}/instances/{{instance_owner_party_id}}/{{skjema_instans_id}}/data/{{hovedskjema_data_id}}",
							"host": [
								"{{altinn_schema_base_url}}"
							],
							"path": [
								"brg",
								"{{schema_type}}",
								"instances",
								"{{instance_owner_party_id}}",
								"{{skjema_instans_id}}",
								"data",
								"{{hovedskjema_data_id}}"
							]
						}
					},
					"response": []
				},
				{
					"name": "Oppdater selskapsregnskap",
					"event": [
						{
							"listen": "prerequest",
							"script": {
								"exec": [
									"let xmldata = pm.environment.get(\"selskapsregnskap_innhold\")",
									"pm.request.body.update(xmldata)"
								],
								"type": "text/javascript",
								"packages": {}
							}
						},
						{
							"listen": "test",
							"script": {
								"exec": [
									""
								],
								"type": "text/javascript",
								"packages": {}
							}
						}
					],
					"protocolProfileBehavior": {
						"disabledSystemHeaders": {
							"content-type": true
						}
					},
					"request": {
						"method": "PUT",
						"header": [
							{
								"key": "Authorization",
								"value": "Bearer {{altinn_access_token}}",
								"type": "text"
							},
							{
								"key": "Content-Type",
								"value": "{{underskjema_upload_type}}",
								"type": "text"
							}
						],
						"body": {
							"mode": "raw",
							"raw": "<?xml version=\"1.0\" ?>\n<melding>\n  <Rapport-RR0007U>\n    <aarsregnskap>\n      <type>S</type>\n      <valuta>NOK</valuta>\n      <valoer>H</valoer>\n    </aarsregnskap>\n  </Rapport-RR0007U>\n  <Skjemainnhold-RR0007U>\n    <portefoeljeresultat>\n      <renteinntekter>\n        <aarets>123</aarets>\n        <fjoraarets>123</fjoraarets>\n      </renteinntekter>\n      <utbytte>\n        <aarets>123</aarets>\n        <fjoraarets>123</fjoraarets>\n      </utbytte>\n      <realisasjon>\n        <aarets>123</aarets>\n        <fjoraarets>123</fjoraarets>\n      </realisasjon>\n      <urealisert>\n        <aarets>123</aarets>\n        <fjoraarets>123</fjoraarets>\n      </urealisert>\n      <kurtasje>\n        <aarets>123</aarets>\n        <fjoraarets>123</fjoraarets>\n      </kurtasje>\n      <garantiprovisjon>\n        <aarets>123</aarets>\n        <fjoraarets>123</fjoraarets>\n      </garantiprovisjon>\n      <tegningsprovisjon>\n        <aarets>123</aarets>\n        <fjoraarets>123</fjoraarets>\n      </tegningsprovisjon>\n      <agioDisagio>\n        <aarets>123</aarets>\n        <fjoraarets>123</fjoraarets>\n      </agioDisagio>\n      <andreInntekter>\n        <aarets>123</aarets>\n        <fjoraarets>123</fjoraarets>\n      </andreInntekter>\n    </portefoeljeresultat>\n    <oversiktForvaltningsresultat>\n      <provisjonsinntekter>\n        <aarets>123</aarets>\n        <fjoraarets>123</fjoraarets>\n      </provisjonsinntekter>\n      <salgskostnader>\n        <aarets>123</aarets>\n        <fjoraarets>123</fjoraarets>\n      </salgskostnader>\n      <forvaltningshonorar>\n        <aarets>123</aarets>\n        <fjoraarets>123</fjoraarets>\n      </forvaltningshonorar>\n      <tegningshonorar>\n        <aarets>123</aarets>\n        <fjoraarets>123</fjoraarets>\n      </tegningshonorar>\n      <transaksjonskostnader>\n        <aarets>123</aarets>\n        <fjoraarets>123</fjoraarets>\n      </transaksjonskostnader>\n      <andreInntekter>\n        <aarets>123</aarets>\n        <fjoraarets>123</fjoraarets>\n      </andreInntekter>\n      <andreKostnader>\n        <aarets>123</aarets>\n        <fjoraarets>123</fjoraarets>\n      </andreKostnader>\n      <forvaltningsresultat>\n        <aarets>123</aarets>\n        <fjoraarets>123</fjoraarets>\n      </forvaltningsresultat>\n    </oversiktForvaltningsresultat>\n    <resultat>\n      <resultatFoerSkattekostnad>\n        <aarets>123</aarets>\n        <fjoraarets>123</fjoraarets>\n      </resultatFoerSkattekostnad>\n      <skattekostnad>\n        <aarets>123</aarets>\n        <fjoraarets>123</fjoraarets>\n      </skattekostnad>\n      <aarsresultatMinoritetsinteresser>\n        <aarets>123</aarets>\n        <fjoraarets>123</fjoraarets>\n      </aarsresultatMinoritetsinteresser>\n      <minoritetsinteresserResultat>\n        <aarets>123</aarets>\n        <fjoraarets>123</fjoraarets>\n      </minoritetsinteresserResultat>\n      <aarsresultat>\n        <aarets>123</aarets>\n        <fjoraarets>123</fjoraarets>\n      </aarsresultat>\n      <andreResultatkomponenterIFRS>\n        <resultatkomponenterAndreIFRS>123</resultatkomponenterAndreIFRS>\n        <resultatkomponenterAndreIFRSFjoraret>123</resultatkomponenterAndreIFRSFjoraret>\n      </andreResultatkomponenterIFRS>\n      <totalresultatIFRS>\n        <aarets>123</aarets>\n        <fjoraarets>123</fjoraarets>\n      </totalresultatIFRS>\n    </resultat>\n    <anvendelser>\n      <nettoUtdelingAndelseiere>\n        <aarets>123</aarets>\n        <fjoraarets>123</fjoraarets>\n      </nettoUtdelingAndelseiere>\n      <avsattUtdelingAndelseiere>\n        <aarets>123</aarets>\n        <fjoraarets>123</fjoraarets>\n      </avsattUtdelingAndelseiere>\n      <overfoering>\n        <aarets>123</aarets>\n        <fjoraarets>123</fjoraarets>\n      </overfoering>\n      <sumAnvendelse>\n        <aarets>123</aarets>\n        <fjoraarets>123</fjoraarets>\n      </sumAnvendelse>\n    </anvendelser>\n    <verdipapirportefoelje>\n      <fondetsVerdipapirportefoelje>\n        <aarets>123</aarets>\n        <fjoraarets>123</fjoraarets>\n      </fondetsVerdipapirportefoelje>\n      <norskeVerdipapirerKostpris>\n        <aarets>123</aarets>\n        <fjoraarets>123</fjoraarets>\n      </norskeVerdipapirerKostpris>\n      <utenlandskeVerdipapirerKostpris>\n        <aarets>123</aarets>\n        <fjoraarets>123</fjoraarets>\n      </utenlandskeVerdipapirerKostpris>\n      <urealiserteKursgevinster>\n        <aarets>123</aarets>\n        <fjoraarets>123</fjoraarets>\n      </urealiserteKursgevinster>\n      <opptjenteRenter>\n        <aarets>123</aarets>\n        <fjoraarets>123</fjoraarets>\n      </opptjenteRenter>\n      <aksjer>\n        <aarets>123</aarets>\n        <fjoraarets>123</fjoraarets>\n      </aksjer>\n      <sertifikater>\n        <aarets>123</aarets>\n        <fjoraarets>123</fjoraarets>\n      </sertifikater>\n      <obligasjoner>\n        <aarets>123</aarets>\n        <fjoraarets>123</fjoraarets>\n      </obligasjoner>\n      <sumVerdipapirportefoelje>\n        <aarets>123</aarets>\n        <fjoraarets>123</fjoraarets>\n      </sumVerdipapirportefoelje>\n    </verdipapirportefoelje>\n    <fordringer>\n      <opptjenteIkkeMottatteInntekter>\n        <aarets>123</aarets>\n        <fjoraarets>123</fjoraarets>\n      </opptjenteIkkeMottatteInntekter>\n      <andreFordringer>\n        <aarets>123</aarets>\n        <fjoraarets>123</fjoraarets>\n      </andreFordringer>\n      <opptjenteRenterFordringer>\n        <aarets>123</aarets>\n        <fjoraarets>123</fjoraarets>\n      </opptjenteRenterFordringer>\n      <tilGodeForvaltningsselskaper>\n        <aarets>123</aarets>\n        <fjoraarets>123</fjoraarets>\n      </tilGodeForvaltningsselskaper>\n      <tilGodeMeglere>\n        <aarets>123</aarets>\n        <fjoraarets>123</fjoraarets>\n      </tilGodeMeglere>\n      <paaloeptAksjeutbytte>\n        <aarets>123</aarets>\n        <fjoraarets>123</fjoraarets>\n      </paaloeptAksjeutbytte>\n      <tilgodehavendeSkattAksjeutbytte>\n        <aarets>123</aarets>\n        <fjoraarets>123</fjoraarets>\n      </tilgodehavendeSkattAksjeutbytte>\n      <sumFordringer>\n        <aarets>123</aarets>\n        <fjoraarets>123</fjoraarets>\n      </sumFordringer>\n    </fordringer>\n    <oversiktBankinnskudd>\n      <bankinnskudd>\n        <aarets>123</aarets>\n        <fjoraarets>123</fjoraarets>\n      </bankinnskudd>\n      <eiendeler>\n        <aarets>123</aarets>\n        <fjoraarets>123</fjoraarets>\n      </eiendeler>\n    </oversiktBankinnskudd>\n    <oversiktEgenkapital>\n      <innskuttEgenkapital>\n        <aksjekapitalPaalydende>\n          <aarets>123</aarets>\n          <fjoraarets>123</fjoraarets>\n        </aksjekapitalPaalydende>\n        <overkurs>\n          <aarets>123</aarets>\n          <fjoraarets>123</fjoraarets>\n        </overkurs>\n        <sumInnskuttEgenkapital>\n          <aarets>123</aarets>\n          <fjoraarets>123</fjoraarets>\n        </sumInnskuttEgenkapital>\n      </innskuttEgenkapital>\n      <opptjentEgenkapital>\n        <annenEgenkapital>\n          <aarets>123</aarets>\n          <fjoraarets>123</fjoraarets>\n        </annenEgenkapital>\n        <minoritetsinteresser>\n          <aarets>123</aarets>\n          <fjoraarets>123</fjoraarets>\n        </minoritetsinteresser>\n        <sumOpptjentEgenkapital>\n          <aarets>123</aarets>\n          <fjoraarets>123</fjoraarets>\n        </sumOpptjentEgenkapital>\n        <sumEgenkapital>\n          <aarets>123</aarets>\n          <fjoraarets>123</fjoraarets>\n        </sumEgenkapital>\n      </opptjentEgenkapital>\n    </oversiktEgenkapital>\n    <oversiktGjeld>\n      <avsattUtdelingAndelseiereGjeld>\n        <aarets>123</aarets>\n        <fjoraarets>123</fjoraarets>\n      </avsattUtdelingAndelseiereGjeld>\n      <annenGjeld>\n        <skyldigeMeglere>\n          <aarets>123</aarets>\n          <fjoraarets>123</fjoraarets>\n        </skyldigeMeglere>\n        <banktrekk>\n          <aarets>123</aarets>\n          <fjoraarets>123</fjoraarets>\n        </banktrekk>\n        <skyldigForvaltningsselskaper>\n          <aarets>123</aarets>\n          <fjoraarets>123</fjoraarets>\n        </skyldigForvaltningsselskaper>\n        <paaloeptForvaltningshonorarer>\n          <aarets>123</aarets>\n          <fjoraarets>123</fjoraarets>\n        </paaloeptForvaltningshonorarer>\n        <gjeldAnnen>\n          <aarets>123</aarets>\n          <fjoraarets>123</fjoraarets>\n        </gjeldAnnen>\n        <sumAnnenGjeld>\n          <aarets>123</aarets>\n          <fjoraarets>123</fjoraarets>\n        </sumAnnenGjeld>\n        <sumEgenkapitalOgGjeld>\n          <aarets>123</aarets>\n          <fjoraarets>123</fjoraarets>\n        </sumEgenkapitalOgGjeld>\n      </annenGjeld>\n    </oversiktGjeld>\n    <posterUtenomBalansen>\n      <forpliktelser>\n        <aarets>123</aarets>\n        <fjoraarets>123</fjoraarets>\n      </forpliktelser>\n    </posterUtenomBalansen>\n  </Skjemainnhold-RR0007U>\n</melding>\n",
							"options": {
								"raw": {
									"language": "xml"
								}
							}
						},
						"url": {
							"raw": "{{altinn_schema_base_url}}/brg/{{schema_type}}/instances/{{instance_owner_party_id}}/{{skjema_instans_id}}/data/{{underskjema_selskap_data_id}}",
							"host": [
								"{{altinn_schema_base_url}}"
							],
							"path": [
								"brg",
								"{{schema_type}}",
								"instances",
								"{{instance_owner_party_id}}",
								"{{skjema_instans_id}}",
								"data",
								"{{underskjema_selskap_data_id}}"
							],
							"query": [
								{
									"key": "dataType",
									"value": "3372",
									"disabled": true
								}
							]
						}
					},
					"response": []
				},
				{
					"name": "Opprett konsernregnskap",
					"event": [
						{
							"listen": "prerequest",
							"script": {
								"exec": [
									"let xmldata = pm.environment.get(\"konsernregnskap_innhold\")",
									"pm.request.body.update(xmldata)"
								],
								"type": "text/javascript",
								"packages": {}
							}
						}
					],
					"request": {
						"method": "POST",
						"header": [
							{
								"key": "Authorization",
								"value": "Bearer {{altinn_access_token}}",
								"type": "text"
							},
							{
								"key": "Content-Type",
								"value": "{{underskjema_upload_type}}",
								"type": "text"
							}
						],
						"body": {
							"mode": "file",
							"file": {}
						},
						"url": {
							"raw": "{{altinn_schema_base_url}}/brg/{{schema_type}}/instances/{{instance_owner_party_id}}/{{skjema_instans_id}}/data/{{underskjema_data_type}}",
							"host": [
								"{{altinn_schema_base_url}}"
							],
							"path": [
								"brg",
								"{{schema_type}}",
								"instances",
								"{{instance_owner_party_id}}",
								"{{skjema_instans_id}}",
								"data",
								"{{underskjema_data_type}}"
							]
						}
					},
					"response": []
				},
				{
					"name": "Last opp vedlegg",
					"event": [
						{
							"listen": "test",
							"script": {
								"exec": [
									"let responseJson = pm.response.json();",
									"",
									"pm.environment.set(\"vedlegg_data_id\", responseJson.id)",
									"",
									"console.log(\"Lastet opp et vedlegg\", {",
									"    id: responseJson.id,",
									"    dataType: responseJson.dataType",
									"})",
									"setTimeout(function(){}, 2000);"
								],
								"type": "text/javascript",
								"packages": {}
							}
						}
					],
					"protocolProfileBehavior": {
						"disabledSystemHeaders": {}
					},
					"request": {
						"method": "POST",
						"header": [
							{
								"key": "Authorization",
								"value": "Bearer {{altinn_access_token}}",
								"type": "text"
							},
							{
								"key": "Content-Type",
								"value": "application/pdf",
								"type": "text"
							},
							{
								"key": "Content-Disposition",
								"value": "attachment;filename=\"langtittel12langtittel12langtittel12langtittel12langtittel123.pdf\"",
								"type": "text"
							}
						],
						"body": {
							"mode": "file",
							"file": {
								"src": "/home/brreg.no/hro/Documents/langtittel12langtittel12langtittel12langtittel12langtittel123.pdf"
							}
						},
						"url": {
							"raw": "{{altinn_schema_base_url}}/brg/{{schema_type}}/instances/{{instance_owner_party_id}}/{{skjema_instans_id}}/data/?dataType={{vedlegg_data_type}}",
							"host": [
								"{{altinn_schema_base_url}}"
							],
							"path": [
								"brg",
								"{{schema_type}}",
								"instances",
								"{{instance_owner_party_id}}",
								"{{skjema_instans_id}}",
								"data",
								""
							],
							"query": [
								{
									"key": "dataType",
									"value": "{{vedlegg_data_type}}"
								}
							]
						}
					},
					"response": []
				},
				{
					"name": "Last opp vedleggBaerekraft",
					"event": [
						{
							"listen": "test",
							"script": {
								"exec": [
									"let responseJson = pm.response.json();",
									"",
									"pm.environment.set(\"vedlegg_data_id_baerekraft\", responseJson.id)",
									"",
									"console.log(\"Lastet opp et vedlegg for bærekraft\", {",
									"    id: responseJson.id,",
									"    dataType: responseJson.dataType",
									"})",
									"setTimeout(function(){}, 2000);"
								],
								"type": "text/javascript",
								"packages": {}
							}
						},
						{
							"listen": "prerequest",
							"script": {
								"exec": [
									""
								],
								"type": "text/javascript",
								"packages": {}
							}
						}
					],
					"protocolProfileBehavior": {
						"disabledSystemHeaders": {}
					},
					"request": {
						"method": "POST",
						"header": [
							{
								"key": "Authorization",
								"value": "Bearer {{altinn_access_token}}",
								"type": "text"
							},
							{
								"key": "Content-Type",
								"value": "application/zip",
								"type": "text"
							},
							{
								"key": "Content-Disposition",
								"value": "attachment;filename=\"test.zip\"",
								"type": "text"
							}
						],
						"body": {
							"mode": "file",
							"file": {
								"src": "/home/brreg.no/hro/test.zip"
							}
						},
						"url": {
							"raw": "{{altinn_schema_base_url}}/brg/{{schema_type}}/instances/{{instance_owner_party_id}}/{{skjema_instans_id}}/data/?dataType={{vedlegg_data_type_baerekraft}}",
							"host": [
								"{{altinn_schema_base_url}}"
							],
							"path": [
								"brg",
								"{{schema_type}}",
								"instances",
								"{{instance_owner_party_id}}",
								"{{skjema_instans_id}}",
								"data",
								""
							],
							"query": [
								{
									"key": "dataType",
									"value": "{{vedlegg_data_type_baerekraft}}"
								}
							]
						}
					},
					"response": []
				}
			]
		},
		{
			"name": "Valider hele skjema",
			"event": [
				{
					"listen": "test",
					"script": {
						"exec": [
							""
						],
						"type": "text/javascript"
					}
				}
			],
			"protocolProfileBehavior": {
				"disableBodyPruning": true
			},
			"request": {
				"method": "GET",
				"header": [
					{
						"key": "Authorization",
						"value": "Bearer {{altinn_access_token}}",
						"type": "text"
					}
				],
				"body": {
					"mode": "raw",
					"raw": "",
					"options": {
						"raw": {
							"language": "xml"
						}
					}
				},
				"url": {
					"raw": "{{altinn_schema_base_url}}/brg/{{schema_type}}/instances/{{instance_owner_party_id}}/{{skjema_instans_id}}/validate",
					"host": [
						"{{altinn_schema_base_url}}"
					],
					"path": [
						"brg",
						"{{schema_type}}",
						"instances",
						"{{instance_owner_party_id}}",
						"{{skjema_instans_id}}",
						"validate"
					]
				}
			},
			"response": []
		},
		{
			"name": "Neste prosess (til signering)",
			"request": {
				"method": "PUT",
				"header": [
					{
						"key": "Authorization",
						"value": "Bearer {{altinn_access_token}}",
						"type": "text"
					}
				],
				"body": {
					"mode": "raw",
					"raw": "{\n    \"action\": \"confirm\"\n}",
					"options": {
						"raw": {
							"language": "json"
						}
					}
				},
				"url": {
					"raw": "{{altinn_schema_base_url}}/brg/{{schema_type}}/instances/{{instance_owner_party_id}}/{{skjema_instans_id}}/process/next",
					"host": [
						"{{altinn_schema_base_url}}"
					],
					"path": [
						"brg",
						"{{schema_type}}",
						"instances",
						"{{instance_owner_party_id}}",
						"{{skjema_instans_id}}",
						"process",
						"next"
					]
				}
			},
			"response": []
		},
		{
			"name": "Signer og send inn",
			"request": {
				"method": "PUT",
				"header": [
					{
						"key": "Authorization",
						"value": "Bearer {{altinn_access_token}}",
						"type": "text"
					}
				],
				"body": {
					"mode": "raw",
					"raw": "{\n    \"action\": \"sign\"\n}",
					"options": {
						"raw": {
							"language": "json"
						}
					}
				},
				"url": {
					"raw": "{{altinn_schema_base_url}}/brg/{{schema_type}}/instances/{{instance_owner_party_id}}/{{skjema_instans_id}}/process/next",
					"host": [
						"{{altinn_schema_base_url}}"
					],
					"path": [
						"brg",
						"{{schema_type}}",
						"instances",
						"{{instance_owner_party_id}}",
						"{{skjema_instans_id}}",
						"process",
						"next"
					]
				}
			},
			"response": []
		},
		{
			"name": "6. Informasjon om skjemaet",
			"request": {
				"method": "GET",
				"header": [
					{
						"key": "Authorization",
						"value": "Bearer {{altinn_access_token}}",
						"type": "text"
					}
				],
				"url": {
					"raw": "{{altinn_schema_base_url}}/brg/{{schema_type}}/instances/{{instance_owner_party_id}}/{{skjema_instans_id}}",
					"host": [
						"{{altinn_schema_base_url}}"
					],
					"path": [
						"brg",
						"{{schema_type}}",
						"instances",
						"{{instance_owner_party_id}}",
						"{{skjema_instans_id}}"
					]
				}
			},
			"response": []
		}
	],
	"event": [
		{
			"listen": "prerequest",
			"script": {
				"type": "text/javascript",
				"packages": {},
				"exec": [
					""
				]
			}
		},
		{
			"listen": "test",
			"script": {
				"type": "text/javascript",
				"packages": {},
				"exec": [
					""
				]
			}
		}
	],
	"variable": [
		{
			"key": "altinn_schema_base_url",
			"value": "https://brg.apps.tt02.altinn.no",
			"type": "string"
		}
	]
}