{
	"info": {
		"_postman_id": "e4e7cb45-4e3b-42ff-9c6a-d72fc2086772",
		"name": "RRH - Maskinell Innrapportering - Postman Collection",
		"schema": "https://schema.getpostman.com/json/collection/v2.1.0/collection.json",
		"_exporter_id": "32195940",
		"_collection_link": "https://lively-meadow-6607.postman.co/workspace/Reelle-RegTj%3A-Reelle-rettighets~56e12ea0-a821-41c4-b6bd-0f172c70a07c/collection/32195940-e4e7cb45-4e3b-42ff-9c6a-d72fc2086772?action=share&source=collection_link&creator=32195940"
	},
	"item": [
		{
			"name": "Autentiser med ID-Porten og veksle inn til Altinn-token",
			"event": [
				{
					"listen": "test",
					"script": {
						"exec": [
							"pm.environment.set('altinn_token', responseBody);"
						],
						"type": "text/javascript"
					}
				}
			],
			"request": {
				"auth": {
					"type": "oauth2",
					"oauth2": [
						{
							"key": "authUrl",
							"value": "https://login.test.idporten.no/authorize",
							"type": "string"
						},
						{
							"key": "addTokenTo",
							"value": "header",
							"type": "string"
						},
						{
							"key": "accessTokenUrl",
							"value": "https://test.idporten.no/token",
							"type": "string"
						},
						{
							"key": "grant_type",
							"value": "authorization_code_with_pkce",
							"type": "string"
						},
						{
							"key": "useBrowser",
							"value": true,
							"type": "boolean"
						},
						{
							"key": "client_authentication",
							"value": "body",
							"type": "string"
						},
						{
							"key": "clientSecret",
							"value": "{{idporten-client_secret}}",
							"type": "string"
						},
						{
							"key": "clientId",
							"value": "{{idporten-client_id}}",
							"type": "string"
						},
						{
							"key": "scope",
							"value": "altinn:instances.write",
							"type": "string"
						},
						{
							"key": "tokenName",
							"value": "ID-porten token",
							"type": "string"
						},
						{
							"key": "refreshRequestParams",
							"value": [],
							"type": "any"
						},
						{
							"key": "tokenRequestParams",
							"value": [],
							"type": "any"
						},
						{
							"key": "authRequestParams",
							"value": [],
							"type": "any"
						},
						{
							"key": "challengeAlgorithm",
							"value": "S256",
							"type": "string"
						}
					]
				},
				"method": "GET",
				"header": [],
				"url": {
					"raw": "https://platform.tt02.altinn.no/authentication/api/v1/exchange/id-porten",
					"protocol": "https",
					"host": [
						"platform",
						"tt02",
						"altinn",
						"no"
					],
					"path": [
						"authentication",
						"api",
						"v1",
						"exchange",
						"id-porten"
					]
				}
			},
			"response": []
		},
		{
			"name": "Hent partyId til virksomheten",
			"request": {
				"method": "GET",
				"header": [
					{
						"key": "ApiKey",
						"value": "7FB6140D-B194-4BF6-B3C8-257094FBF8C4",
						"type": "text"
					}
				],
				"url": {
					"raw": "{{altinn_schema_base_url}}/brg/rrh-innrapportering/api/v1/parties",
					"host": [
						"{{altinn_schema_base_url}}"
					],
					"path": [
						"brg",
						"rrh-innrapportering",
						"api",
						"v1",
						"parties"
					]
				}
			},
			"response": []
		},
		{
			"name": "Hent preutfylte skjemadata",
			"request": {
				"method": "GET",
				"header": [
					{
						"key": "ApiKey",
						"value": "7FB6140D-B194-4BF6-B3C8-257094FBF8C4",
						"type": "text"
					}
				],
				"url": {
					"raw": "{{altinn_schema_base_url}}/brg/rrh-innrapportering/prefill/{{instance_owner_party_id}}",
					"host": [
						"{{altinn_schema_base_url}}"
					],
					"path": [
						"brg",
						"rrh-innrapportering",
						"prefill",
						"{{instance_owner_party_id}}"
					]
				}
			},
			"response": []
		},
		{
			"name": "Opprett en instans av våre skjemadata",
			"event": [
				{
					"listen": "test",
					"script": {
						"exec": [
							"let responseJson = pm.response.json();",
							"",
							"let uuidRegex = /([a-f0-9\\-]+)$/; // Regex for å matche UUID etter slash",
							"",
							"let matchResult = responseJson.id.match(uuidRegex);",
							"// Accessing the first captured group directly",
							"let skjemaInstansId = matchResult ? matchResult[1] : null;",
							"",
							"let skjema_instans_data_id = responseJson.data[0].id;",
							"",
							"pm.environment.set('skjema_instans_id', skjemaInstansId);",
							"pm.environment.set('skjema_instans_data_id', skjema_instans_data_id);"
						],
						"type": "text/javascript"
					}
				}
			],
			"request": {
				"method": "POST",
				"header": [
					{
						"key": "ApiKey",
						"value": "7FB6140D-B194-4BF6-B3C8-257094FBF8C4",
						"type": "text"
					}
				],
				"url": {
					"raw": "{{altinn_schema_base_url}}/brg/rrh-innrapportering/instances?instanceOwnerPartyId={{instance_owner_party_id}}",
					"host": [
						"{{altinn_schema_base_url}}"
					],
					"path": [
						"brg",
						"rrh-innrapportering",
						"instances"
					],
					"query": [
						{
							"key": "instanceOwnerPartyId",
							"value": "{{instance_owner_party_id}}"
						}
					]
				}
			},
			"response": []
		},
		{
			"name": "Oppdater skjemadata med sluttbrukers endringer",
			"request": {
				"method": "PUT",
				"header": [
					{
						"key": "ApiKey",
						"value": "7FB6140D-B194-4BF6-B3C8-257094FBF8C4",
						"type": "text"
					}
				],
				"body": {
					"mode": "raw",
					"raw": "{\n    \"versjon\": \"0.0.7\",\n    \"endret\": \"2024-05-07\",\n    \"skjemainnhold\": {\n        \"metadata\": {\n            \"tjeneste\": \"rrh.ktr.reelle\",\n            \"tjenestehandling\": \"endring\",\n            \"rettighetsinformasjonsid\": \"RRH202300000007\",\n            \"registreringsid\": \"aa193a62-9350-4158-ac98-b13d18fd57a5\"\n        },\n        \"fagsystem\": {\n            \"organisasjonsnummer\": null,\n            \"navn\": null\n        },\n        \"integrasjon\": {\n            \"hfHentPreutfyllingFeilet\": false,\n            \"hfHentRollerFeilet\": null\n        },\n        \"skjemadata\": {\n            \"registreringspliktigVirksomhet\": {\n                \"organisasjonsnummer\": \"310211036\",\n                \"hfSoekOrganisasjonsnummerFeilkode\": null,\n                \"hfNavn\": \"POMPØS KNUSLETE LEOPARD ASA\",\n                \"hfOrganisasjonsform\": \"ASA\",\n                \"hfForretningsadresse\": null,\n                \"hfNavnPaaHovedvirksomhetRegistrertIEoes\": null,\n                \"hfLandnavnForHovedvirksomhetRegistrertIEoes\": null\n            },\n            \"reelleRettighetshavereidentifikasjon\": null,\n            \"aarsakTilAtVirksomhetIkkeHarReelleRettighetshavere\": null,\n            \"finnesDetReelleRettighetshavereITilleggTilRolleinnehavereForStiftelse\": null,\n            \"reellRettighetshaver\": [],\n            \"kanIkkeIdentifisereFlereReelleRettighetshavere\": null,\n            \"erVirksomhetRegistrertPaaRegulertMarked\": true,\n            \"regulertMarked\": {\n                \"markedstype\": \"markedstype.euronextOslo\",\n                \"hfLandnavn\": \"Norge\",\n                \"hfInternettadresse\": \"https://www.euronext.com/nb/markets/oslo\"\n            },\n            \"erReelleRettighetshavereRegistrertIUtenlandskRegister\": null,\n            \"utenlandskRegister\": null,\n            \"rolleinnehaver\": []\n        }\n    }\n}",
					"options": {
						"raw": {
							"language": "json"
						}
					}
				},
				"url": {
					"raw": "{{altinn_schema_base_url}}/brg/rrh-innrapportering/instances/{{instance_owner_party_id}}/{{skjema_instans_id}}/data/{{skjema_instans_data_id}}?dataType=Brønnøysundregistrene_ReelleRettighetshavere_M",
					"host": [
						"{{altinn_schema_base_url}}"
					],
					"path": [
						"brg",
						"rrh-innrapportering",
						"instances",
						"{{instance_owner_party_id}}",
						"{{skjema_instans_id}}",
						"data",
						"{{skjema_instans_data_id}}"
					],
					"query": [
						{
							"key": "dataType",
							"value": "Brønnøysundregistrene_ReelleRettighetshavere_M"
						}
					]
				}
			},
			"response": []
		},
		{
			"name": "Gå til neste prosessteg",
			"request": {
				"method": "PUT",
				"header": [
					{
						"key": "ApiKey",
						"value": "7FB6140D-B194-4BF6-B3C8-257094FBF8C4",
						"type": "text"
					}
				],
				"url": {
					"raw": "{{altinn_schema_base_url}}/brg/rrh-innrapportering/instances/{{instance_owner_party_id}}/{{skjema_instans_id}}/process/next",
					"host": [
						"{{altinn_schema_base_url}}"
					],
					"path": [
						"brg",
						"rrh-innrapportering",
						"instances",
						"{{instance_owner_party_id}}",
						"{{skjema_instans_id}}",
						"process",
						"next"
					]
				}
			},
			"response": []
		},
		{
			"name": "Valider og send inn skjema",
			"request": {
				"method": "PUT",
				"header": [
					{
						"key": "ApiKey",
						"value": "7FB6140D-B194-4BF6-B3C8-257094FBF8C4",
						"type": "text"
					}
				],
				"url": {
					"raw": "{{altinn_schema_base_url}}/brg/rrh-innrapportering/instances/{{instance_owner_party_id}}/{{skjema_instans_id}}/process/next?elementId=BREnd",
					"host": [
						"{{altinn_schema_base_url}}"
					],
					"path": [
						"brg",
						"rrh-innrapportering",
						"instances",
						"{{instance_owner_party_id}}",
						"{{skjema_instans_id}}",
						"process",
						"next"
					],
					"query": [
						{
							"key": "elementId",
							"value": "BREnd"
						}
					]
				}
			},
			"response": []
		}
	],
	"auth": {
		"type": "bearer",
		"bearer": [
			{
				"key": "token",
				"value": "{{altinn_token}}",
				"type": "string"
			}
		]
	},
	"event": [
		{
			"listen": "prerequest",
			"script": {
				"type": "text/javascript",
				"exec": [
					""
				]
			}
		},
		{
			"listen": "test",
			"script": {
				"type": "text/javascript",
				"exec": [
					""
				]
			}
		}
	]
}
